категория,id_категории,название,sku,id_позиции,размер,цена,описание,тип,фото
Печенье ручной работы,03326264-e08b-4bae-b8ca-9ad9ce509523,Печенье Сладкое Предсказание,02726,04ebbc58-6a20-4395-90b4-4e22bd44e66c,,150.0,,Product,
Печенье ручной работы,03326264-e08b-4bae-b8ca-9ad9ce509523,Орешки с кремом 1 шт,02739,4bee976a-60ee-41d5-af99-eb767079061f,,120.0,,Product,
Печенье ручной работы,03326264-e08b-4bae-b8ca-9ad9ce509523,Орешки с кремом набор,02740,bc3150a3-6430-49b0-b3a2-f6d26e28a971,,550.0,,Product,
ФИЛЬТР-КОФЕ,09fd5bb4-619f-43f3-94ca-cbbbafce900e,ФИЛЬТР-КОФЕ 250,00876,97ad2b04-fa2d-4c1d-8e4b-dc8d79bc894f,,220.0,,Product,
ФИЛЬТР-КОФЕ,09fd5bb4-619f-43f3-94ca-cbbbafce900e,ФИЛЬТР-КОФЕ 450,00878,1fb3b98d-86eb-42af-a3e2-b3a390ace727,,300.0,,Product,
ФИЛЬТР-КОФЕ,09fd5bb4-619f-43f3-94ca-cbbbafce900e,ФИЛЬТР-КОФЕ 600,02086,7e25008d-4859-4eeb-be6f-353b47ecf118,,360.0,,Product,
ФИЛЬТР-КОФЕ,09fd5bb4-619f-43f3-94ca-cbbbafce900e,ФИЛЬТР-КОФЕ 350,00877,bb2c94cb-ca82-4c6a-a4ee-2690e9819399,,250.0,,Product,
БАБЛ ТИ,0f404f8b-4c08-4285-8823-d18e2716cffd, Бабл Ти Тропикано 600,02744,aede40c0-0c3d-49ed-b37f-0fc61ce0be3b,,550.0,,Product,
БАБЛ ТИ,0f404f8b-4c08-4285-8823-d18e2716cffd, Бабл Ти Тропикано 500,02743,e900e113-1efd-4387-bb58-fef88ba7976f,,450.0,,Product,
БАБЛ ТИ,0f404f8b-4c08-4285-8823-d18e2716cffd,Балийский закат 500,02557,ffc216c4-c4f3-4878-89f2-94c59bed487d,,450.0,,Product,
БАБЛ ТИ,0f404f8b-4c08-4285-8823-d18e2716cffd,Молочная Жемчужина 600 Hot,02384,dc05e037-662f-487f-933d-e07a68b4ad13,,550.0,,Product,
БАБЛ ТИ,0f404f8b-4c08-4285-8823-d18e2716cffd,Балийский закат 600,02558,f750109b-d30a-49c1-af94-4d6017d069a2,,550.0,,Product,
БАБЛ ТИ,0f404f8b-4c08-4285-8823-d18e2716cffd,Молочная Жемчужина 500 Hot,02383,78a930bc-f451-4a0a-b080-b173b115795d,,450.0,,Product,
Сытное,156fa1ce-cd2b-402b-8453-2b4fbfa8c34d,Венские вафли с ветчиной и сыром СП,02682,940d62e1-e2c6-44d0-a794-dbeba2271a3f,,200.0,,Product,
ТОВАР КОФЕЙНЯ,16f773be-ce99-4d8a-bd35-a2f443ac9bf8,КОНФЕТЫ КОКО,00117,2bccaf08-00df-4413-97eb-715a1e17f16c,,70.0,,Product,
ТОВАР КОФЕЙНЯ,16f773be-ce99-4d8a-bd35-a2f443ac9bf8,ИРИСКА,01875,b2ac817f-48aa-4abe-8049-2362bb6c38b5,,90.0,,Product,
ТОВАР КОФЕЙНЯ,16f773be-ce99-4d8a-bd35-a2f443ac9bf8,ОРБИТ/ДИРОЛ ТОВАР,00121,31bdbb14-eb14-44f8-bf21-fe512bffad85,,55.0,,Product,
Арахисовый бум,2af29e04-58c7-41c5-9290-bdf7356d30c2,Арахисовый бум 350,01616,1d349645-1da0-4089-b9a3-06bdf17e20f2,,370.0,,Product,
Арахисовый бум,2af29e04-58c7-41c5-9290-bdf7356d30c2,Арахисовый бум 600,02387,603974ba-ac58-4534-be92-2a936197aaa6,,480.0,,Product,
Арахисовый бум,2af29e04-58c7-41c5-9290-bdf7356d30c2,Арахисовый бум 450,01617,aaadc51e-5794-49a3-936c-8bad07c111ab,,420.0,,Product,
ЗИМА 2025,2dadb67d-c98b-4621-a700-53ecb8188fd1,Раф Мандариновое печенье 600,02720,c53e2d47-15d8-462d-8ae1-5313d3594993,,550.0,,Product,
ЗИМА 2025,2dadb67d-c98b-4621-a700-53ecb8188fd1,Ваниль-Бурбон 450,02717,bf1f0ace-d285-41a6-8138-9c5b61deaf64,,420.0,,Product,
ЗИМА 2025,2dadb67d-c98b-4621-a700-53ecb8188fd1,Хвойный Раф 350,02713,e229619c-bf6d-45d6-a6e7-5d2c4eb05016,,370.0,,Product,
ЗИМА 2025,2dadb67d-c98b-4621-a700-53ecb8188fd1,Ваниль-Бурбон 600,02718,87e440de-7af6-4c39-8769-0c56e2d2bc2a,,480.0,,Product,
ЗИМА 2025,2dadb67d-c98b-4621-a700-53ecb8188fd1,ВИШНЕВЫЙ ГЛИНТВЕЙН 450,01986,01d02886-0ce1-47a5-97ef-25cd7ca27fd3,,360.0,,Product,
ЗИМА 2025,2dadb67d-c98b-4621-a700-53ecb8188fd1,Ваниль-Бурбон 350,02709,004ba0b3-cf06-403b-b163-72da66452b5b,,370.0,,Product,
ЗИМА 2025,2dadb67d-c98b-4621-a700-53ecb8188fd1,ВИШНЕВЫЙ ГЛИНТВЕЙН 350,01985,4fb3fbb9-e22c-4bdf-8491-ec045128bcb2,,320.0,,Product,
ЗИМА 2025,2dadb67d-c98b-4621-a700-53ecb8188fd1,Хвойный Раф 600,02722,6a6dbbf9-24d1-49a3-b644-c349e49ee6ef,,480.0,,Product,
ЗИМА 2025,2dadb67d-c98b-4621-a700-53ecb8188fd1,Раф Мандариновое печенье 350,02711,c2469e27-6afc-4d53-89e8-2432ed8fc7b7,,380.0,,Product,
ЗИМА 2025,2dadb67d-c98b-4621-a700-53ecb8188fd1,Хвойный Раф 450,02721,1013480b-9096-4cc8-8f12-8e269daa544d,,420.0,,Product,
ЗИМА 2025,2dadb67d-c98b-4621-a700-53ecb8188fd1,ВИШНЕВЫЙ ГЛИНТВЕЙН 600,02723,2844b2dc-7944-4efa-9117-ae4ba59385fe,,400.0,,Product,
ЗИМА 2025,2dadb67d-c98b-4621-a700-53ecb8188fd1,Раф Мандариновое печенье 450,02719,58c997d6-0f78-433f-8407-62774a84515b,,450.0,,Product,
ЧАЙ В АССОРТИМЕНТЕ,2e46c042-e4ba-4be4-84f9-8284efffb39c,ПРЯНЫЙ ЧАЙ ЛАТТЕ 350,00414,4bc68c56-574a-46c3-9b59-6142eef2c273,,340.0,,Product,
ЧАЙ В АССОРТИМЕНТЕ,2e46c042-e4ba-4be4-84f9-8284efffb39c,МАЛИНА-ИМБИРЬ 600,02255,aa13bd54-d52d-44c5-97cd-7e3757fcc451,,400.0,,Product,
ЧАЙ В АССОРТИМЕНТЕ,2e46c042-e4ba-4be4-84f9-8284efffb39c,МАЛИНА-ИМБИРЬ 350,00386,47da65bb-d78d-4fb2-8662-2122301c18ed,,320.0,,Product,
ЧАЙ В АССОРТИМЕНТЕ,2e46c042-e4ba-4be4-84f9-8284efffb39c,ПРЯНЫЙ ЧАЙ ЛАТТЕ 600,02081,6cb075be-efdc-4d66-8bf7-92f7bc19cea6,,460.0,,Product,
ЧАЙ В АССОРТИМЕНТЕ,2e46c042-e4ba-4be4-84f9-8284efffb39c,МАЛИНА-ИМБИРЬ 450,00387,4491234e-5702-4185-817c-b38e164b126b,,360.0,,Product,
ЧАЙ В АССОРТИМЕНТЕ,2e46c042-e4ba-4be4-84f9-8284efffb39c,Малина-Вишня 450,02665,583d896f-a39f-461d-813e-a64d2172dfba,,360.0,,Product,
ЧАЙ В АССОРТИМЕНТЕ,2e46c042-e4ba-4be4-84f9-8284efffb39c,ВИТАМИН 600,02254,0312d107-050c-4eed-b26a-c81e02204b6f,,400.0,,Product,
ЧАЙ В АССОРТИМЕНТЕ,2e46c042-e4ba-4be4-84f9-8284efffb39c,ЧАЙ ЛИСТОВОЙ 450 ,00417,94973231-3c67-4f61-8f7c-7981ca53607b,,200.0,,Product,
ЧАЙ В АССОРТИМЕНТЕ,2e46c042-e4ba-4be4-84f9-8284efffb39c,ВИТАМИН 350,00382,5f242830-09e2-416f-bf4c-5773eb78d871,,320.0,,Product,
ЧАЙ В АССОРТИМЕНТЕ,2e46c042-e4ba-4be4-84f9-8284efffb39c,Клюква-Облепиха 450,02668,a3a94784-2052-4794-a264-642e5129bebf,,360.0,,Product,
ЧАЙ В АССОРТИМЕНТЕ,2e46c042-e4ba-4be4-84f9-8284efffb39c,Малина-Вишня 350,02664,867f0d1a-7f06-4e5f-b04a-f14f9c67f3e1,,320.0,,Product,
ЧАЙ В АССОРТИМЕНТЕ,2e46c042-e4ba-4be4-84f9-8284efffb39c,ПРЯНЫЙ ЧАЙ ЛАТТЕ 450,00415,2a3bcf16-0b7d-42bd-8d88-1f23d6a4f224,,400.0,,Product,
ЧАЙ В АССОРТИМЕНТЕ,2e46c042-e4ba-4be4-84f9-8284efffb39c,Клюква-Облепиха 350,02667,2112af60-002a-42b9-a083-d7e1dab57531,,320.0,,Product,
ЧАЙ В АССОРТИМЕНТЕ,2e46c042-e4ba-4be4-84f9-8284efffb39c,ВИТАМИН 450,00383,afe2c2a4-beee-40d4-adfb-d86e28d4b19a,,360.0,,Product,
ЧАЙ В АССОРТИМЕНТЕ,2e46c042-e4ba-4be4-84f9-8284efffb39c,Клюква-Облепиха 600,02669,a6b1835d-0a1f-426d-850d-3758e4ffe81d,,400.0,,Product,
ЧАЙ В АССОРТИМЕНТЕ,2e46c042-e4ba-4be4-84f9-8284efffb39c,ЧАЙ ЛИСТОВОЙ 350 ,00901,5031621d-75b2-4f1a-8d36-cd208f20b947,,180.0,,Product,
ЧАЙ В АССОРТИМЕНТЕ,2e46c042-e4ba-4be4-84f9-8284efffb39c,Малина-Вишня 600,02666,5127cdf5-b9b0-4817-a3e0-247b2f464015,,400.0,,Product,
ВАФЛИ,34b270e7-5a17-4009-b04e-013a4e7d2687,Хрустик в ассортименте,01061,a78bd09d-96f0-4486-a846-5d916b28333e,,550.0,,Product,
ВАФЛИ,34b270e7-5a17-4009-b04e-013a4e7d2687,Вафли в ассортименте с начинкой,01050,3c919d0f-f727-43c1-aa1b-e259529f987e,,190.0,,Product,
СМУЗИ/ЛИМОНАД/МК,370ad078-da9d-4130-9826-052d6faf7365,МОЛОЧНЫЙ КОКТЕЙЛЬ 500,01907,5802733a-25a8-4138-b1f4-a2d9485777ca,,430.0,,Product,
СМУЗИ/ЛИМОНАД/МК,370ad078-da9d-4130-9826-052d6faf7365,МОЛОЧНЫЙ КОКТЕЙЛЬ 300,01906,62056d6e-5c02-4677-9056-4fdbb1a95767,,360.0,,Product,
ПАРТИК,391cdfe5-8f53-4f7b-933f-e5b047572a5a, Блинчики в ассортименте ,01457,a984b5b5-9876-452d-927a-60c909b97e79,,250.0,,Product,
Десерты,4f4e5dcb-0d8f-4525-ad44-fec87916d6dc,СХ Кукис с карамелью и арахисом,02829,911731b6-1fdf-4dc9-b172-55f1fec8594c,,140.0,,Product,
Десерты,4f4e5dcb-0d8f-4525-ad44-fec87916d6dc,пирожное Сердечко,02481,4adeeedd-7505-4a99-b4bb-feb4a66a3e1a,,290.0,,Product,
Десерты,4f4e5dcb-0d8f-4525-ad44-fec87916d6dc,СХ Грилатта с курицей и сыром,02831,bc5d0875-d57b-402b-a4b6-090111b404a1,,250.0,,Product,
Десерты,4f4e5dcb-0d8f-4525-ad44-fec87916d6dc,СХ Штрудель яблочный ,02830,85040eda-3f1d-4423-a415-f2411fc4149f,,200.0,,Product,
Десерты,4f4e5dcb-0d8f-4525-ad44-fec87916d6dc,Тарталетка Малиновая,02132,38fb56fa-e04c-42c6-a859-237ce8d6c49a,,280.0,,Product,
Десерты,4f4e5dcb-0d8f-4525-ad44-fec87916d6dc,СХ Кукис с шоколадом и кусочками глазури,02828,da996459-bfc5-402a-9f2a-059ce95ddcff,,140.0,,Product,
Десерты,4f4e5dcb-0d8f-4525-ad44-fec87916d6dc,СХ Слойка с творогом (Ватрушка),02826,6b90089c-2bc1-447c-9a01-b9138ccb0f78,,100.0,,Product,
Десерты,4f4e5dcb-0d8f-4525-ad44-fec87916d6dc,Торт Фисташка- Малина,02138,aa501844-d1fd-4dd8-afd8-41c8dfad0031,,330.0,,Product,
Десерты,4f4e5dcb-0d8f-4525-ad44-fec87916d6dc,"Чизкейк ""НЬЮ-ЙОРК",02131,caf2af6d-4cb6-4c66-8f06-20243f468234,,190.0,,Product,
Десерты,4f4e5dcb-0d8f-4525-ad44-fec87916d6dc,СХ Штрудель Вишневый,02838,525e4577-055d-427a-9fb1-2fc66c5719c5,,270.0,,Product,
СР ВТОРЫЕ БЛЮДА,51d851b4-54e5-4ab8-bc10-b6c934124db4,СР Болоньезе,02136,56f43b5e-54cc-4f0c-8438-3d9ccdb211f7,,290.0,,Product,
СР ВТОРЫЕ БЛЮДА,51d851b4-54e5-4ab8-bc10-b6c934124db4,СР Карбонара,02559,767477aa-5562-47a2-a98b-28e2d6fe3571,,370.0,,Product,
ВКУС ДЕТСТВА,5471d727-68e7-41a8-9d76-5865bbe5e1e8,ВКУС ДЕТСТВА 250,00380,edd9ec44-d9d1-4a9c-b1b5-36b5563144e8,,250.0,,Product,
ВКУС ДЕТСТВА,5471d727-68e7-41a8-9d76-5865bbe5e1e8,ВКУС ДЕТСТВА 600,02075,c667a038-04ab-46e8-91fd-aba1f41eabab,,400.0,,Product,
ВКУС ДЕТСТВА,5471d727-68e7-41a8-9d76-5865bbe5e1e8,ВКУС ДЕТСТВА 450,01239,4ee8ae2c-26b5-422a-b67e-35a4c36c9059,,350.0,,Product,
ВКУС ДЕТСТВА,5471d727-68e7-41a8-9d76-5865bbe5e1e8,ВКУС ДЕТСТВА 350,01238,5d07af12-d1f7-4f6f-b085-704ffa1014a0,,300.0,,Product,
Вода и энергетики,564256e7-4c8b-4ee0-8706-28e74259a748,"Минская (вода 0,5)",01897,1a12a2ab-485f-4acf-afee-92b17598b1ca,,90.0,,Product,
Вода и энергетики,564256e7-4c8b-4ee0-8706-28e74259a748,"Your Water (вода 0,5)",01815,1df13315-027b-4f36-8141-f61d063d2586,,90.0,,Product,
Вода и энергетики,564256e7-4c8b-4ee0-8706-28e74259a748,"ЖИВЕЯ ВОДА 0,5",00134,6599163f-1507-4374-a95c-41e0866269f4,,110.0,,Product,
Вода и энергетики,564256e7-4c8b-4ee0-8706-28e74259a748,Вода АКВА ВИТАМИН В АСС,02834,80bc6994-7bcf-4ccb-96a4-7b658aac6d7a,,150.0,,Product,
Вода и энергетики,564256e7-4c8b-4ee0-8706-28e74259a748,Вода ВИТА МИКС В АСС,02833,fa8ff776-144d-4d50-ac76-4dcf3f74efc0,,140.0,,Product,
Вода и энергетики,564256e7-4c8b-4ee0-8706-28e74259a748,Энергетик Lit Energy,02587,144b790b-5363-4fe6-b576-e537e4bf143d,,170.0,,Product,
КАПУЧИНО,586f14c4-61a0-42ed-9ab5-f7a1fe3fb430,КАПУЧИНО 450,00408,939c20b2-97af-4a9d-b63b-3b3a5dd74ad5,,300.0,,Product,
КАПУЧИНО,586f14c4-61a0-42ed-9ab5-f7a1fe3fb430,КАПУЧИНО 600,02065,c37c903f-9eed-4891-8d46-ef20fbde59a2,,360.0,,Product,
КАПУЧИНО,586f14c4-61a0-42ed-9ab5-f7a1fe3fb430,КАПУЧИНО 350,00006,11d46bae-d95d-44d1-84e3-0134c8be0438,,250.0,,Product,
КОФЕ ЗЕРНО,588eba19-38b4-40bf-ae58-3b45f2ce6523,КОФЕ БРАЗИЛИЯ  1КГ,01729,d64d9888-21b0-46d1-940f-464680ddc654,,2500.0,,Product,
КОФЕ ЗЕРНО,588eba19-38b4-40bf-ae58-3b45f2ce6523,ГВАТЕМАЛА 250гр,01733,95ff06ae-af9c-4378-b62f-5d32874fc917,,1100.0,,Product,
КОФЕ ЗЕРНО,588eba19-38b4-40bf-ae58-3b45f2ce6523,ЭФИОПИЯ  250 гр,01731,eee9e76b-3851-4cdc-98d9-13d1fe1fdebc,,1200.0,,Product,
КОФЕ ЗЕРНО,588eba19-38b4-40bf-ae58-3b45f2ce6523,КОЛУМБИЯ ДЕКАФ 250 гр,02488,6629a92c-5e7a-4f33-a738-2179b3684aab,,1350.0,,Product,
КОФЕ ЗЕРНО,588eba19-38b4-40bf-ae58-3b45f2ce6523,КОФЕ ЭФИОПИЯ  1КГ,02822,25c37204-212e-4ecb-bedd-09cef7cbdb9a,,2500.0,,Product,
Весна 2026,5ac95367-1e57-4667-8dbb-429dea536a79,Латте С прибамбасами)) 450,02007,519e2109-cbbd-43d1-a36e-7e0942ab818c,,550.0,,Product,
Весна 2026,5ac95367-1e57-4667-8dbb-429dea536a79,Раф Черничная Жвачка 350,02780,1921facc-142f-4057-b21e-cded4962c4c5,,370.0,,Product,
Весна 2026,5ac95367-1e57-4667-8dbb-429dea536a79,Взрывная матча 350,02749,867b9727-03aa-48c0-8465-cdb0fe6a0983,,370.0,,Product,
Весна 2026,5ac95367-1e57-4667-8dbb-429dea536a79,Взрывная матча 450,02751,2ded5232-5c7b-4260-9b6e-b765b81a2d05,,420.0,,Product,
Весна 2026,5ac95367-1e57-4667-8dbb-429dea536a79,Взрывная матча 600,02752,a64ad6af-93cd-4d17-805b-57154bdb42ad,,480.0,,Product,
Весна 2026,5ac95367-1e57-4667-8dbb-429dea536a79,Какао Сказочная свежесть 300,02747,dd91d720-779b-4635-8734-657c49a25609,,370.0,,Product,
Весна 2026,5ac95367-1e57-4667-8dbb-429dea536a79,Раф Черничная Жвачка 450,02781,48ca3d84-4d8d-4bbf-9746-07ae8e5b99e6,,420.0,,Product,
Весна 2026,5ac95367-1e57-4667-8dbb-429dea536a79,Раф Черничная Жвачка 600,02782,94df47a5-68a2-4fc4-a8df-76b4f857f26b,,480.0,,Product,
Весна 2026,5ac95367-1e57-4667-8dbb-429dea536a79,Какао Сказочная свежесть 600,02750,d5a2ac5f-621f-4ca3-85b9-141ba6edb545,,480.0,,Product,
Весна 2026,5ac95367-1e57-4667-8dbb-429dea536a79,Какао Сказочная свежесть 500,02748,686c133f-e546-44cf-a6f2-0fef8e35b42c,,420.0,,Product,
ЕДА,5b9e06f2-4cf0-46d5-9666-022ddb0b3029,МЯГКОЕ МОРОЖЕНОЕ,02049,c3dfe08b-1d6a-44c3-afdc-f3bb84cb4459,,1000.0,,Product,
ЕДА,5b9e06f2-4cf0-46d5-9666-022ddb0b3029,СЫРНИКИ Фуд3 ШТ,00080,b1e9971a-b4fb-4aaf-a4d2-1a92f3181d76,,240.0,,Product,
ЕДА,5b9e06f2-4cf0-46d5-9666-022ddb0b3029,КОНФЕТЫ Коко 5 шт,00521,061ea242-d3e9-430f-ad12-c97353965c35,,350.0,,Product,
ФРЕШ,63db6b8c-232d-4741-808c-2c5876e7aee9,АПЕЛЬСИНОВЫЙ ФРЕШ 500,00561,644efbf7-4733-4427-9b19-74b08abde0f8,,500.0,,Product,
ФРЕШ,63db6b8c-232d-4741-808c-2c5876e7aee9,АПЕЛЬСИНОВЫЙ ФРЕШ 400,02425,b699f1cd-caf5-44a8-bfc9-75a8732ddd11,,430.0,,Product,
ФРЕШ,63db6b8c-232d-4741-808c-2c5876e7aee9,АПЕЛЬСИНОВЫЙ ФРЕШ 300,00560,21996fbf-2ca7-4044-90b4-e8e474234b63,,380.0,,Product,
ГРИЛЬ,6b12c4ee-ce60-44a2-a6c0-09fa0640b355,Гриль Сэндвич с Форелью СП,01624,394a50e7-948c-4ff5-95eb-9755a38e8edd,,410.0,,Product,
ГРИЛЬ,6b12c4ee-ce60-44a2-a6c0-09fa0640b355,Гриль Сэндвич с курицей СП,02856,c4b87f85-9f85-48e4-a95e-57b9d9c1325d,,400.0,,Product,
ГРИЛЬ,6b12c4ee-ce60-44a2-a6c0-09fa0640b355,Гриль Сэндвич Ветчина и Сыр СП,01623,a44ed7de-7ebd-40c9-9be5-580f77a760d6,,340.0,,Product,
ЛАТТЕ СОЛЕНАЯ КАРАМЕЛЬ,6bfa2811-4ebd-4c1f-a3e7-3e2f8eee76b6,ЛАТТЕ СОЛЕНАЯ КАРАМЕЛЬ 450,01311,c63825e4-7852-4bd6-9622-afd88f3ae1fb,,370.0,,Product,
ЛАТТЕ СОЛЕНАЯ КАРАМЕЛЬ,6bfa2811-4ebd-4c1f-a3e7-3e2f8eee76b6,ЛАТТЕ СОЛЕНАЯ КАРАМЕЛЬ 350,01310,da5fbb04-bdb3-4b31-9a24-ef47f474b863,,310.0,,Product,
ЛАТТЕ СОЛЕНАЯ КАРАМЕЛЬ,6bfa2811-4ebd-4c1f-a3e7-3e2f8eee76b6,ЛАТТЕ СОЛЕНАЯ КАРАМЕЛЬ 600,02080,811723ff-71ec-442b-b5d2-312e23f3f41c,,420.0,,Product,
Печенье/Батончики/ Великоросс,6c180c0c-7d34-4bb2-a38c-abdc6125e2eb,ВЕЛ Печенье Чикалаб,01483,de01356e-c5b0-4754-950e-31f69803aa48,,240.0,,Product,
Печенье/Батончики/ Великоросс,6c180c0c-7d34-4bb2-a38c-abdc6125e2eb,ВЕЛ батончик БУМБАР,01462,4c635fb9-3677-4fe1-9dd1-e991b41e616c,,220.0,,Product,
Печенье/Батончики/ Великоросс,6c180c0c-7d34-4bb2-a38c-abdc6125e2eb,ВЕЛ Брауни FitnesShock,02698,6237f409-faf9-4355-91c4-788390bdd647,,200.0,,Product,
Печенье/Батончики/ Великоросс,6c180c0c-7d34-4bb2-a38c-abdc6125e2eb,ВЕЛ печенье KULTLAB ,02027,32a04e38-e69d-4ecd-a100-5902ab13cb30,,220.0,,Product,
Печенье/Батончики/ Великоросс,6c180c0c-7d34-4bb2-a38c-abdc6125e2eb,Батончик КоКо,01463,6ab210c7-621e-45c9-a95e-8e69c1961dfc,,130.0,,Product,
Печенье/Батончики/ Великоросс,6c180c0c-7d34-4bb2-a38c-abdc6125e2eb,ВЕЛ батончик NUTELLA B-readi,02705,8b91f559-4aa2-4928-9fc2-c089b090007b,,180.0,,Product,
Печенье/Батончики/ Великоросс,6c180c0c-7d34-4bb2-a38c-abdc6125e2eb,ВЕЛ Конфеты SCANDIC в асс,02706,7a2c8d5e-7a57-42e5-bc17-c4cd025e0e34,,120.0,,Product,
Печенье/Батончики/ Великоросс,6c180c0c-7d34-4bb2-a38c-abdc6125e2eb,ВЕЛ Батончик Snaqer,02683,991335dd-f849-448d-bc64-7bc23e09c69d,,240.0,,Product,
Печенье/Батончики/ Великоросс,6c180c0c-7d34-4bb2-a38c-abdc6125e2eb,ВЕЛ Печенье БУМБАР,01485,49de8d3f-8d9f-4e26-b970-39c3804e0aba,,190.0,,Product,
Печенье/Батончики/ Великоросс,6c180c0c-7d34-4bb2-a38c-abdc6125e2eb,ВЕЛ Батончик SHOCKS,02697,27fe00a5-ff4b-4f9e-8195-4003e6b186f5,,160.0,,Product,
Печенье/Батончики/ Великоросс,6c180c0c-7d34-4bb2-a38c-abdc6125e2eb,ВЕЛ Батончик FitnesShock,02684,3c017bb0-5351-42e9-b97e-9dcccbeb9ba7,,160.0,,Product,
БАМБЛ,74251263-b229-46a2-aade-116f192b4161,Бамбл Кофе Апельсиновый Фреш 500,01525,683a8a4f-eb54-49d8-88df-332dfb83a54e,,490.0,,Product,
БАМБЛ,74251263-b229-46a2-aade-116f192b4161,БАМБЛ 500 АЙС,01227,026aaba2-2046-4093-9942-614f7349dd2f,,420.0,,Product,
БАМБЛ,74251263-b229-46a2-aade-116f192b4161,Бамбл Кофе Апельсиновый Фреш 600,02386,965e831c-2177-4b4f-bf47-edb032055b98,,530.0,,Product,
БАМБЛ,74251263-b229-46a2-aade-116f192b4161,БАМБЛ горячий 450,02376,6dffc01c-c889-4224-bb76-4bd5a7afffc9,,420.0,,Product,
БАМБЛ,74251263-b229-46a2-aade-116f192b4161,БАМБЛ горячий 350,02375,a8b04397-6b31-457b-b3db-cb1c3775a602,,370.0,,Product,
БАМБЛ,74251263-b229-46a2-aade-116f192b4161,БАМБЛ горячий 600,02377,6c92d2e5-9d14-40e4-8be5-76d718a93d07,,480.0,,Product,
БАМБЛ,74251263-b229-46a2-aade-116f192b4161,БАМБЛ 300 АЙС,01226,1bdfe634-ca0a-423b-a481-e98501217092,,370.0,,Product,
БАМБЛ,74251263-b229-46a2-aade-116f192b4161,БАМБЛ 600 АЙС,02374,84f9a2a1-8a64-4ddb-849d-170e9e851d4c,,480.0,,Product,
АМЕРИКАНО,7a1d166e-3a2c-4f6c-bf9f-e51533e9bcde,АМЕРИКАНО 250,00402,1aed5ad1-b8ef-4231-b490-5840b0991414,,220.0,,Product,
АМЕРИКАНО,7a1d166e-3a2c-4f6c-bf9f-e51533e9bcde,АМЕРИКАНО 600,02058,51353609-3d98-4354-9001-8b340c2d8432,,360.0,,Product,
АМЕРИКАНО,7a1d166e-3a2c-4f6c-bf9f-e51533e9bcde,АМЕРИКАНО 450,00404,5e6740b3-f52d-49de-8f68-aef9e4b10bba,,300.0,,Product,
АМЕРИКАНО,7a1d166e-3a2c-4f6c-bf9f-e51533e9bcde,АМЕРИКАНО 350,00403,6464ba0f-adc5-46fb-a124-eb7cdba615c4,,250.0,,Product,
КРУАССАНЫ,877c8986-6b9f-4204-8451-f01cce2875fb,КРУАССАН С АБРИКОСОМ ТОВАР,02839,445b2d3c-6872-4b02-bb14-dac227fa5680,,190.0,,Product,
КРУАССАНЫ,877c8986-6b9f-4204-8451-f01cce2875fb,КРУАССАН С МИНДАЛЕМ ТОВАР,00635,710b27d1-3efc-4606-8916-225a78cc3430,,190.0,,Product,
КРУАССАНЫ,877c8986-6b9f-4204-8451-f01cce2875fb,КРУАССАН С ВЕТЧИНОЙ И СЫРОМ,01486,5ca40d88-66de-49a9-a1f4-571264a3b21e,,210.0,,Product,
КРУАССАНЫ,877c8986-6b9f-4204-8451-f01cce2875fb,КРУАССАН С ЛИМОНОМ ТОВАР,00125,225211b7-4daa-4359-b518-333250295ea5,,190.0,,Product,
КРУАССАНЫ,877c8986-6b9f-4204-8451-f01cce2875fb,КРУАССАН классический товар,00124,9cbbd5ab-830a-4e37-88d9-0eb999c2eea5,,150.0,,Product,
КРУАССАНЫ,877c8986-6b9f-4204-8451-f01cce2875fb,КРУАССАН С МАЛИНОЙ,01506,9483bf12-2eb2-44a1-88b9-050cbac79969,,210.0,,Product,
КРУАССАНЫ,877c8986-6b9f-4204-8451-f01cce2875fb,КРУАССАН С ШОКОЛАДОМ ТОВАР,00123,52be6452-7a66-4720-a838-40516d442eab,,210.0,,Product,
КРУАССАНЫ,877c8986-6b9f-4204-8451-f01cce2875fb,КРУАССАН С МАРЦИПАНОМ ТОВАР,02827,04efa6d1-390b-498c-b88a-f7f2f82417bc,,220.0,,Product,
Смузи,893170d4-9ce0-48b8-b685-da7b6187447f,СМУЗИ 300,01904,57463b31-3cbc-4e09-ae22-8292de1a65bb,,350.0,,Product,
Смузи,893170d4-9ce0-48b8-b685-da7b6187447f,СМУЗИ 500,01905,5f026eee-530a-4c03-a7c8-e90319dc6f56,,420.0,,Product,
Смузи,893170d4-9ce0-48b8-b685-da7b6187447f,Арахисовый смузи 300,02716,941402ee-4189-4b65-9c1c-c372f25feed0,,450.0,,Product,
ШОКОЛАД,8da60307-80d8-41a8-a9e7-d74397628e9f,ШОКОЛАД BERRY,01937,37690681-019b-48bb-b3b3-4746256530c4,,190.0,,Product,
ШОКОЛАД,8da60307-80d8-41a8-a9e7-d74397628e9f,Шоколад Milky дубайский шоколад,02583,34c9f470-790f-42a7-83e6-2071c9a6be12,,220.0,,Product,
ШОКОЛАД,8da60307-80d8-41a8-a9e7-d74397628e9f,РИТТЕР СПОРТ ШОКОЛАД,00118,e514cf1e-5646-40ae-91c5-008ff47e7ea9,,360.0,,Product,
ШОКОЛАД,8da60307-80d8-41a8-a9e7-d74397628e9f,Дубайски шоколад,02489,5205e345-bf09-45b3-a99f-39cfd1445d06,,900.0,,Product,
ШОКОЛАД,8da60307-80d8-41a8-a9e7-d74397628e9f,Шоколад MILKA с печеньем OREO,02707,d47c822b-ff4b-4481-9147-4b23dca54d45,,310.0,,Product,
ШОКОЛАД,8da60307-80d8-41a8-a9e7-d74397628e9f,ШОКОЛАД LUBAICA в асс,02301,0a651ec2-1d5b-46f6-884e-8692b4abd789,,220.0,,Product,
"Сырники, запеканка",8dfba832-6175-4884-9cfe-c78067ab7343,Сырники Манго 2шт  СП,02784,a0f26d79-adbe-4d5b-b807-b2af97752f49,,240.0,,Product,
"Сырники, запеканка",8dfba832-6175-4884-9cfe-c78067ab7343,Сырники 2шт  СП,02313,54711bde-64e4-42ce-86e7-a777de1e7866,,200.0,,Product,
"Сырники, запеканка",8dfba832-6175-4884-9cfe-c78067ab7343,Сырники Нутелла 2 шт СП,02785,b59f8fb0-bda9-4cb2-affc-3257b2436b12,,290.0,,Product,
"Сырники, запеканка",8dfba832-6175-4884-9cfe-c78067ab7343,Запеканка творожная СП,02307,3e678d54-4dbd-4183-8b47-1432b45560a2,,200.0,,Product,
ЛАТТЕ,97875761-4ddd-422e-bbe5-e2b993eb96aa,ЛАТТЕ 350,00409,0076f30f-bdbb-4e79-9275-f582922631fe,,250.0,,Product,
ЛАТТЕ,97875761-4ddd-422e-bbe5-e2b993eb96aa,ЛАТТЕ 600,02072,09dddd9f-fa2b-4e07-8acc-e82f250bb15d,,360.0,,Product,
ЛАТТЕ,97875761-4ddd-422e-bbe5-e2b993eb96aa,ЛАТТЕ 450,00410,bd6312a6-4f9a-44f0-b9d1-eb4b9ce701b2,,300.0,,Product,
кофе зерно товар,9d72bb64-8b14-48bd-9853-97588f8dc2bc,ЗЕРНО для ЭСПРЕССО товар,00139,144d252a-6e98-42f1-ab8b-fdd7ae3ded62,,2500.0,,Product,
кофе зерно товар,9d72bb64-8b14-48bd-9853-97588f8dc2bc,ЗЕРНО для ФИЛЬТРА,02118,47128384-e13b-4ee8-a4ba-29ae864ad3a8,,0.0,,Product,
"Трубочки, бискотти, орешки",a9de3395-29cb-4b73-b711-f077e24394ce,Орешек с нутеллой СП 3шт,02469,a1b01405-20d9-43ef-b914-d0750ceae2a3,,230.0,,Product,
"Трубочки, бискотти, орешки",a9de3395-29cb-4b73-b711-f077e24394ce,БИСКОТТИ 3 шт с курагой СП,02341,80fee585-1db1-4e84-bdcb-8a64d2545085,,130.0,,Product,
"Трубочки, бискотти, орешки",a9de3395-29cb-4b73-b711-f077e24394ce,Пирожное картошка СП 1 ШТ,02346,e52a72e0-7d55-41e2-bd3e-14396ea77aac,,110.0,,Product,
"Трубочки, бискотти, орешки",a9de3395-29cb-4b73-b711-f077e24394ce,Орешек со сгущенкой СП 3 шт ,02468,568a8d3c-06cf-4556-a9e6-57083cce7a8c,,150.0,,Product,
"Трубочки, бискотти, орешки",a9de3395-29cb-4b73-b711-f077e24394ce,Трубочка с вареной сгущенкой СП,02269,2537b498-606a-4ca0-bfb6-e9585a4e0717,,120.0,,Product,
Блины Сытные,ac188f61-1ea1-40be-8519-b90990b712e4,Блин Жульен с Курицей и сыром СП,02178,c6f8f7e9-6db7-4168-9d30-b956687cdcb7,,365.0,,Product,
Блины Сытные,ac188f61-1ea1-40be-8519-b90990b712e4,Блин Ветчина Сыр СП,02203,84b12171-c0c1-448b-8317-c31005c4a4f7,,270.0,,Product,
Блины Сытные,ac188f61-1ea1-40be-8519-b90990b712e4,Блин с Яйцом Сыром Зеленью СП,02769,6b650c51-c8fa-496b-ada9-63e4103c111b,,260.0,,Product,
Блины Сытные,ac188f61-1ea1-40be-8519-b90990b712e4,Блин Филадельфия СП,02182,bd987bde-66a6-45c2-b094-b5208809d51e,,550.0,,Product,
чиабатты СП,af44c36d-26a4-449b-b366-73166289201e,Чиабатта с песто и  пастрами индейки СП,02852,c0bf1a39-504d-4cdd-86d0-ffc78b0ce726,,550.0,,Product,
чиабатты СП,af44c36d-26a4-449b-b366-73166289201e,Чиабатта с песто и моцарелой  СП,02853,b0924e9d-7116-4424-9894-f1439e61f0d4,,550.0,,Product,
чиабатты СП,af44c36d-26a4-449b-b366-73166289201e,Чиабатта с пастрами из индейки СП,02837,048d6717-80dc-4744-8aa5-550a5b8952ea,,430.0,,Product,
чиабатты СП,af44c36d-26a4-449b-b366-73166289201e,Чиабатта Курица Тар-Тар СП,02787,0b548861-7ba3-4b4f-8dfc-0ae6bdc37154,,300.0,,Product,
комбо СП,b11c4fd5-6315-4d7d-9ba7-3fe02e4a4f7d,Комбо Фри+ стрипсы СП,02797,28270668-84e2-4cd1-ba4d-efdf47b30efb,,290.0,,Product,
комбо СП,b11c4fd5-6315-4d7d-9ba7-3fe02e4a4f7d,Комбо Фри+ сырные палочки СП,02805,2380cf6f-cd91-4718-a51e-49d44645cf6e,,390.0,,Product,
комбо СП,b11c4fd5-6315-4d7d-9ba7-3fe02e4a4f7d,Комбо Фри+ наггетсы СП,02796,f201a664-b4c3-4f25-b112-09cc12a10d99,,250.0,,Product,
МОККАЧИНО,b2d1efb6-b1ef-4a9c-ae1f-704c0daf7d49,МОККАЧИНО 350,00411,186a8614-fef3-454d-8236-7605bd882947,,310.0,,Product,
МОККАЧИНО,b2d1efb6-b1ef-4a9c-ae1f-704c0daf7d49,МОККАЧИНО 600,02079,d02a3af6-c90d-4891-b7e7-ba821485cb03,,420.0,,Product,
МОККАЧИНО,b2d1efb6-b1ef-4a9c-ae1f-704c0daf7d49,МОККАЧИНО 450,00412,273feb61-71ec-448f-8725-112c1f85e493,,370.0,,Product,
Батончики,b7a3201c-45b3-4520-b55a-48238b81894c,Печенье  KERLLI протеиновое SOJ,02699,81441c43-2248-443e-8f75-be0752feda4e,,140.0,,Product,
Батончики,b7a3201c-45b3-4520-b55a-48238b81894c,Батончик  злаковый KERLLI,02116,26f64645-33b4-4fca-a547-d207ab30bc26,,100.0,,Product,
Батончики,b7a3201c-45b3-4520-b55a-48238b81894c,Батончик FizIQ протеиновый SOJ в асс,02731,afedcdd2-e1ec-4eab-9ec2-bf553586dc8b,,170.0,,Product,
Батончики,b7a3201c-45b3-4520-b55a-48238b81894c,Печенье FizIQ SNEAKIQ протеиновое SOJ в асс,02732,3fad5247-2086-4a6f-8525-7d150ed249ab,,170.0,,Product,
Батончики,b7a3201c-45b3-4520-b55a-48238b81894c,Батончик PROTEIN  Soj,02700,4a05cb88-5036-4ecb-b9c9-82616a6aef6e,,130.0,,Product,
Батончики,b7a3201c-45b3-4520-b55a-48238b81894c,Батончик  COCOnitto SOJ,02734,e84fe5fe-a83c-4be1-b670-f887acae79a8,,120.0,,Product,
Батончики,b7a3201c-45b3-4520-b55a-48238b81894c,Печенье  Protein Cookie SOJ,02029,e819808e-b029-43c4-9abe-f36033f495fc,,180.0,,Product,
Батончики,b7a3201c-45b3-4520-b55a-48238b81894c,Печенье COCOnitto SOJ,02733,891dc34a-ee81-4121-82d2-0d1791920c97,,170.0,,Product,
Батончики,b7a3201c-45b3-4520-b55a-48238b81894c,Батончик PROTEIN  BAR Soj,01870,fad0f6e6-bc19-4658-b15a-143cd9837610,,210.0,,Product,
МАТЧА,b7dae36f-8504-4760-a2ce-bf603f38fa3e,МАТЧА 350,00860,d4a04f2d-d4b9-466e-9e9a-63a5c50b950a,,340.0,,Product,
МАТЧА,b7dae36f-8504-4760-a2ce-bf603f38fa3e,МАТЧА 450,00861,971f19c3-f9ff-4a19-85ba-ecd40b9b36ae,,390.0,,Product,
МАТЧА,b7dae36f-8504-4760-a2ce-bf603f38fa3e,Айс Матча Малиновая 500,02545,af5b2084-544d-4bcf-8db0-3007dc9b05bc,,410.0,,Product,
МАТЧА,b7dae36f-8504-4760-a2ce-bf603f38fa3e,МАТЧА 600,02076,9679a385-1353-463f-bef6-cc3dbb92a738,,440.0,,Product,
МАТЧА,b7dae36f-8504-4760-a2ce-bf603f38fa3e,Айс Матча Малиновая 600,02546,dc912d40-8046-402a-abbc-de9479131903,,460.0,,Product,
МАТЧА,b7dae36f-8504-4760-a2ce-bf603f38fa3e,АЙС-МАТЧА 500,01232,4b3d46f6-6a83-43a6-8958-e675d4a6dcd9,,400.0,,Product,
МАТЧА,b7dae36f-8504-4760-a2ce-bf603f38fa3e,АЙС-МАТЧА 600,02543,eb3e3a60-0d83-4708-ac92-a75dbcceec9b,,450.0,,Product,
КЛАССИКА,b7e47f22-1219-4f7d-a686-5e3a32e24033,ФЛЭТ УАЙТ,00413,b65eede6-1356-429f-b7cb-2a2c7d1849d0,,250.0,,Product,
КЛАССИКА,b7e47f22-1219-4f7d-a686-5e3a32e24033,ЭСПРЕССО-ТОНИК 500,01896,a49d24bc-303d-4c8a-9417-23c38e92f3a7,,400.0,,Product,
КЛАССИКА,b7e47f22-1219-4f7d-a686-5e3a32e24033,ДВОЙНОЙ ЭСПРЕССО,00401,af353789-4e2e-4d81-861a-777fecd206b4,,220.0,,Product,
КЛАССИКА,b7e47f22-1219-4f7d-a686-5e3a32e24033,ЭСПРЕССО-ТОНИК 300,01895,6ad252a3-388e-4b67-89fe-33b066f88373,,350.0,,Product,
ВЫПЕЧКА,b9689b32-2a7b-4073-93ff-de1e1210cfda,ПЕЧЕНЬЕ С ПРЕДСКАЗ.ТОВАР,00119,6e9aa1b6-a555-495c-a1fa-0d4bf07d35f8,,40.0,,Product,
ВЫПЕЧКА,b9689b32-2a7b-4073-93ff-de1e1210cfda,УЛИТКА ,00129,8dd565c5-d522-41a9-9206-0f0efad2cf04,,170.0,,Product,
ВЫПЕЧКА,b9689b32-2a7b-4073-93ff-de1e1210cfda,КОСИЧКА С ПЕКАНОМ,01741,b1bbf365-9dbc-4f99-acdb-882bfc1c11c4,,200.0,,Product,
АКЦИИ,c2838aa1-cc27-40d3-8528-23a0bed1d335,Сырники 2штСП + кофе 450,02823,67dbab45-af1e-447c-804f-a223e4f70eeb,,410.0,,Product,
КАКАО,c38acfbd-18bc-4bbb-b7fb-c1ed96457807,КАКАО КЛАССИЧЕСКИЙ 600,02074,427ef40e-5814-4a55-9745-fecdb1f88dc6,,390.0,,Product,
КАКАО,c38acfbd-18bc-4bbb-b7fb-c1ed96457807,КАКАО КЛАССИЧЕСКИЙ 350,00373,e46c4277-ec4d-40a3-92d3-8703e3e2f05a,,290.0,,Product,
КАКАО,c38acfbd-18bc-4bbb-b7fb-c1ed96457807,КАКАО ВОЛШЕБНЫЙ 350 CF,02399,0b559d22-2cc8-44a6-b68d-b001ca60fe0f,,300.0,,Product,
КАКАО,c38acfbd-18bc-4bbb-b7fb-c1ed96457807,КАКАО ВОЛШЕБНЫЙ 600 CF,02401,59f6ab31-26b2-478d-8737-6da0a028b130,,400.0,,Product,
КАКАО,c38acfbd-18bc-4bbb-b7fb-c1ed96457807,КАКАО ВОЛШЕБНЫЙ 450 CF,02400,1bce9c9c-b327-40ea-ae59-f2a7466ffa06,,350.0,,Product,
КАКАО,c38acfbd-18bc-4bbb-b7fb-c1ed96457807,КАКАО КЛАССИЧЕСКИЙ 450,00374,39207179-3aaa-4d80-a67e-bd4a92e864b9,,340.0,,Product,
Блины Сладкие,c99df023-fdeb-49a3-a63c-b79a08eb4a9b,Блин с Вареной сгущенкой СП,02776,ad595460-aedc-4a14-92d6-57e172c152b3,,220.0,,Product,
Блины Сладкие,c99df023-fdeb-49a3-a63c-b79a08eb4a9b,Блин Нутелла Банан СП,02209,b63d4fb5-8a55-474e-beaf-5cc198806432,,350.0,,Product,
Блины Сладкие,c99df023-fdeb-49a3-a63c-b79a08eb4a9b,Блин классический с маслом СП,02232,819931ee-8ea5-4194-9672-334fb2da3163,,75.0,,Product,
Блины Сладкие,c99df023-fdeb-49a3-a63c-b79a08eb4a9b,Блин с Творогом и Вареньем СП,02778,dc3f8423-4f1f-46da-8fff-6a6882c39ea0,,300.0,,Product,
АЙС КЛАССИКА,cdf4f51d-7cb6-4e25-b20e-150c7a014108,АЙС АМЕРИКАНО 500,00545,29dfb9aa-6fb0-4fa4-99d7-d4967f18e3e7,,360.0,,Product,
АЙС КЛАССИКА,cdf4f51d-7cb6-4e25-b20e-150c7a014108,АЙС КАПУЧИНО 600,02505,842649d7-60af-41fc-be8a-d3c469371b8c,,390.0,,Product,
АЙС КЛАССИКА,cdf4f51d-7cb6-4e25-b20e-150c7a014108,АЙС ЛАТТЕ 500,00549,34bab3b0-06d9-4a50-8661-bab6e1885584,,360.0,,Product,
АЙС КЛАССИКА,cdf4f51d-7cb6-4e25-b20e-150c7a014108,АЙС АМЕРИКАНО 600,02507,29196144-8e0e-4a9a-b16a-4c4dd74c06e2,,390.0,,Product,
АЙС КЛАССИКА,cdf4f51d-7cb6-4e25-b20e-150c7a014108,АЙС ЛАТТЕ 350,00548,9bd2f2c7-e14b-472e-9b34-b320e80628b0,,300.0,,Product,
АЙС КЛАССИКА,cdf4f51d-7cb6-4e25-b20e-150c7a014108,АЙС КАПУЧИНО 500,00547,a5c6ed1a-0798-4407-a104-5e323044f62e,,360.0,,Product,
АЙС КЛАССИКА,cdf4f51d-7cb6-4e25-b20e-150c7a014108,АЙС ЛАТТЕ 600,02506,388f648f-4c6f-4047-afff-e08ed5a925be,,390.0,,Product,
АЙС КЛАССИКА,cdf4f51d-7cb6-4e25-b20e-150c7a014108,АЙС КАПУЧИНО 350,00546,2200a58d-08bd-465e-9856-57b9b42a2ce6,,300.0,,Product,
АЙС КЛАССИКА,cdf4f51d-7cb6-4e25-b20e-150c7a014108,АЙС АМЕРИКАНО 350,00544,633fb02c-8192-4b6d-a946-57c16eb24f31,,300.0,,Product,
ДОБАВКИ Блинная,d3436cd4-71dd-4c8a-adda-d498eae125cd,Сгущеное молоко 30гр,02685,83d6c8d6-00a2-47ac-9c83-410fad0d925a,,50.0,,Product,
ДОБАВКИ Блинная,d3436cd4-71dd-4c8a-adda-d498eae125cd,Соус Цезарь 30 доп,02574,b0945108-1cd5-4326-85dd-00cd3fbc7b2d,,50.0,,Product,
ДОБАВКИ Блинная,d3436cd4-71dd-4c8a-adda-d498eae125cd,Соус Кетчуп 30 доп,02801,8b622250-7f7d-4aa8-b62e-ac515ee7027c,,50.0,,Product,
ДОБАВКИ Блинная,d3436cd4-71dd-4c8a-adda-d498eae125cd,Соус сырный 30 доп,02445,3c3dccac-a1aa-45ad-9cf5-aedf1e0eb337,,50.0,,Product,
ДОБАВКИ Блинная,d3436cd4-71dd-4c8a-adda-d498eae125cd,Варенье 30,02282,f4be9b63-5353-4c31-9550-55c6a9d331cf,,50.0,,Product,
ДОБАВКИ Блинная,d3436cd4-71dd-4c8a-adda-d498eae125cd,Соус Тартар 30 доп,02433,be79af80-954c-495c-a28e-74dce87a05e9,,50.0,,Product,
Кукисы,dc2b4048-45be-4a6d-8aec-21d894dbe219,Кукис Вишневый Чизкейк СП,02738,e1007acb-5cf2-405c-a68a-b6a342aa8bfd,,130.0,,Product,
Кукисы,dc2b4048-45be-4a6d-8aec-21d894dbe219,Кукис два шоколада СП,02737,327d10ce-0150-46c7-981a-656f6f8d6c66,,130.0,,Product,
Кукисы,dc2b4048-45be-4a6d-8aec-21d894dbe219,Овсяное печенье СП,02622,5919414c-339c-40b9-9b23-97de11d662d0,,130.0,,Product,
В ЛАВАШЕ,dfa654f9-b701-4865-8ae7-0626f67965ee,Ролл ветчина и сыр СП,02729,32a63275-215d-492f-bbc8-01806aecf7a8,,310.0,,Product,
В ЛАВАШЕ,dfa654f9-b701-4865-8ae7-0626f67965ee,Ролл Филадельфия СП,02854,a6427b8d-dbc1-4b71-ab47-81e5c1732ccf,,460.0,,Product,
В ЛАВАШЕ,dfa654f9-b701-4865-8ae7-0626f67965ee,Шаурма СП,02414,4d449810-6e30-4518-a1eb-e75569a0c69a,,410.0,,Product,
В ЛАВАШЕ,dfa654f9-b701-4865-8ae7-0626f67965ee,Ролл Цезарь СП,02358,4cb24736-6838-4315-881b-334a21f5bdca,,340.0,,Product,
В ЛАВАШЕ,dfa654f9-b701-4865-8ae7-0626f67965ee,Бургер Шаурма СП,02855,b7de75fe-fdc5-4bf0-8d4b-15e8458a0ffc,,590.0,,Product,
УПАКОВКА/ХОЗКА,e4e8a83e-9298-4d76-b4ae-3e78af2e310f,СТАКАН 300 ПЭТ,00164,822b9803-43b5-48cf-87e9-92127952d455,,20.0,,Product,
УПАКОВКА/ХОЗКА,e4e8a83e-9298-4d76-b4ae-3e78af2e310f,СТАКАН 250 ЛОГО,00142,3d809b75-dbe9-4a9c-af5c-177b692441fe,,15.0,,Product,
УПАКОВКА/ХОЗКА,e4e8a83e-9298-4d76-b4ae-3e78af2e310f,СТАКАН 450 ЛОГО,00147,f8c412c5-a682-4091-966f-dacbdde89d97,,30.0,,Product,
УПАКОВКА/ХОЗКА,e4e8a83e-9298-4d76-b4ae-3e78af2e310f,СТАКАН 350 ЛОГО,00145,5177fd05-f863-42d3-8d85-c2a2cb6a5b87,,20.0,,Product,
УПАКОВКА/ХОЗКА,e4e8a83e-9298-4d76-b4ae-3e78af2e310f,СТАКАН 600 ПЭТ,02303,09114bbe-f8b4-41e1-bc46-0609ade090c0,,30.0,,Product,
УПАКОВКА/ХОЗКА,e4e8a83e-9298-4d76-b4ae-3e78af2e310f,СТАКАН 600  ЛОГО,02064,826d017c-29e3-4e3d-99dd-6fc4dfc1998d,,30.0,,Product,
УПАКОВКА/ХОЗКА,e4e8a83e-9298-4d76-b4ae-3e78af2e310f,СТАКАН 400 ПЭТ,00165,c4e6a695-ed50-403e-bcf7-aa4e6a323155,,30.0,,Product,
УПАКОВКА/ХОЗКА,e4e8a83e-9298-4d76-b4ae-3e78af2e310f,СТАКАН 500 ПЭТ,00262,18816a64-0e81-4952-a2cb-0ea667efd140,,30.0,,Product,
СР САЛАТЫ,f3e7cba3-b4a4-4f4c-bcb0-4c85709fe6c8,СР Салат Цезарь Курица,01388,e9ac8d2f-f11f-4f8f-936d-2af79267b4ad,,310.0,,Product,
ДОБАВКИ  КОФЕЙНЯ блюдо,f91f85b9-4df3-4add-b5f7-54a5809356f1,Джус боллы 50,02105,3a4e1513-1dd3-4ca0-8444-cf172e9f022d,,100.0,,Product,
ДОБАВКИ  КОФЕЙНЯ блюдо,f91f85b9-4df3-4add-b5f7-54a5809356f1,Маршмеллоу 10гр,01677,3d851b17-feed-4858-b70e-24e5b77778fa,,50.0,,Product,
ДОБАВКИ  КОФЕЙНЯ блюдо,f91f85b9-4df3-4add-b5f7-54a5809356f1,Мороженое 50гр,02018,3b4b0fe5-609a-44d3-a680-c3894ca1b9ff,,50.0,,Product,
ДОБАВКИ  КОФЕЙНЯ блюдо,f91f85b9-4df3-4add-b5f7-54a5809356f1,Джем 30,01960,5de0dcfa-0fff-44f3-a86c-938603727676,,50.0,,Product,
ДОБАВКИ  КОФЕЙНЯ блюдо,f91f85b9-4df3-4add-b5f7-54a5809356f1,Корица 10,01675,aa2b75a7-df8a-43be-a155-aeb02ee5ab63,,0.0,,Product,
ДОБАВКИ  КОФЕЙНЯ блюдо,f91f85b9-4df3-4add-b5f7-54a5809356f1,Сгущеное молоко 30гр,01680,ba1fbb11-e88d-4f1c-b306-98e91fcb2a1c,,50.0,,Product,
ДОБАВКИ  КОФЕЙНЯ блюдо,f91f85b9-4df3-4add-b5f7-54a5809356f1,Взбитые Сливки 50,02100,59eefa6a-da27-42ae-a60d-36a614e0fc3b,,50.0,,Product,
ДОБАВКИ  КОФЕЙНЯ блюдо,f91f85b9-4df3-4add-b5f7-54a5809356f1,Сливки 50,01682,0026c3a0-6978-4f0b-884c-cdc2b87f3f2f,,50.0,,Product,
ДОБАВКИ  КОФЕЙНЯ блюдо,f91f85b9-4df3-4add-b5f7-54a5809356f1,Эспрессо,01684,d14f9516-e1b3-4c7d-9b23-7acc9375f54d,,50.0,,Product,
ДОБАВКИ  КОФЕЙНЯ блюдо,f91f85b9-4df3-4add-b5f7-54a5809356f1,Сметана 30,02042,4dd37896-9184-4009-95bb-7d507a90ae7b,,50.0,,Product,
ДОБАВКИ  КОФЕЙНЯ блюдо,f91f85b9-4df3-4add-b5f7-54a5809356f1,Сахар 10,01674,3ed7f02d-fa3a-4da4-98af-12423434b4b2,,0.0,,Product,
ДОБАВКИ  КОФЕЙНЯ блюдо,f91f85b9-4df3-4add-b5f7-54a5809356f1,Мед 20,01678,e2399b5d-6ce0-49d2-8fd8-373e358345a0,,50.0,,Product,
ДОБАВКИ  КОФЕЙНЯ блюдо,f91f85b9-4df3-4add-b5f7-54a5809356f1,Молоко 50мл,01679,a62276da-2c90-4fbe-9084-8eac9672d542,,0.0,,Product,
ДОБАВКИ  КОФЕЙНЯ блюдо,f91f85b9-4df3-4add-b5f7-54a5809356f1,Лимон 10,01676,3e83a0e0-b24a-42ec-86bd-67de2272a02f,,25.0,,Product,
ДОБАВКИ  КОФЕЙНЯ блюдо,f91f85b9-4df3-4add-b5f7-54a5809356f1,Альтернатива доп 50мл,01694,cbcac2d7-e2b8-4728-a55b-985b1408b670,,120.0,,Product,
ДОБАВКИ  КОФЕЙНЯ блюдо,f91f85b9-4df3-4add-b5f7-54a5809356f1,Топинг 20,01683,c23ff45e-9252-433b-9e55-dda5f8b69034,,50.0,,Product,
ДОБАВКИ  КОФЕЙНЯ блюдо,f91f85b9-4df3-4add-b5f7-54a5809356f1,Сироп 20,01681,12e90ca5-4601-4019-834f-707ec69a299e,,50.0,,Product,
ДОБАВКИ  КОФЕЙНЯ блюдо,f91f85b9-4df3-4add-b5f7-54a5809356f1,ВАНИЛЬ 15 гр,01927,fddfa221-766a-48a4-9e6e-936efb2520cb,,50.0,,Product,
РАФ,fc18d7f5-196a-4392-a891-d0ca08899088,РАФ 600,02059,f5a8ac15-bc0f-4943-bc8f-3bb96b4f9840,,420.0,,Product,
РАФ,fc18d7f5-196a-4392-a891-d0ca08899088,РАФ 450,00044,1f3355d8-04ca-44f2-b114-486d9ad378a7,,370.0,,Product,
РАФ,fc18d7f5-196a-4392-a891-d0ca08899088,РАФ 350,00045,2e022e0e-b488-48f3-aa68-1a200e453c7d,,310.0,,Product,
СЕЗОНКА,fce966c9-d56b-4a5b-a0d9-1f8a77693326,РАФ Дубайский шоколад 350,02530,da634a7c-d5ca-4510-8f75-35706011e5bf,,380.0,,Product,
СЕЗОНКА,fce966c9-d56b-4a5b-a0d9-1f8a77693326,Сбитень 600,02373,25619f06-5e7e-477c-b57a-2c8aba968b3d,,210.0,,Product,
СЕЗОНКА,fce966c9-d56b-4a5b-a0d9-1f8a77693326, Клубничное мороженое  350 Hot,01801,7f43bcb6-f893-49a4-ba8c-374a6be89d5b,,370.0,,Product,
СЕЗОНКА,fce966c9-d56b-4a5b-a0d9-1f8a77693326, Клубничное мороженое  600 Hot,02366,0a902e9f-5de5-43c3-9233-bbce4f401a5e,,480.0,,Product,
СЕЗОНКА,fce966c9-d56b-4a5b-a0d9-1f8a77693326,РАФ Дубайский шоколад 600,02532,c81bf02f-28a2-4c3a-bd41-5a6f5fbcd116,,600.0,,Product,
СЕЗОНКА,fce966c9-d56b-4a5b-a0d9-1f8a77693326, Клубничное мороженое  450 Hot,01802,b96301cd-ae14-45fb-bac1-a5b4e2af7812,,420.0,,Product,
СЕЗОНКА,fce966c9-d56b-4a5b-a0d9-1f8a77693326,Сбитень 450,02372,24068493-6187-41c3-a362-6c50c140f63b,,190.0,,Product,
СЕЗОНКА,fce966c9-d56b-4a5b-a0d9-1f8a77693326,РАФ Дубайский шоколад 450,02531,0b80eb91-ca93-4d4f-a4de-d586624ceba4,,480.0,,Product,
СЕЗОНКА,fce966c9-d56b-4a5b-a0d9-1f8a77693326,Канадский клен 450,02650,d453ed5e-94ae-474d-83af-ec31eecd8cc7,,480.0,,Product,
СЕЗОНКА,fce966c9-d56b-4a5b-a0d9-1f8a77693326,Канадский клен 350,02649,3a505733-20bb-4c29-9e74-a4bfd659cdcc,,380.0,,Product,
СЕЗОНКА,fce966c9-d56b-4a5b-a0d9-1f8a77693326,Сбитень 350,02371,0226cacb-9733-4f05-a555-97feded2ccf9,,170.0,,Product,
СЕЗОНКА,fce966c9-d56b-4a5b-a0d9-1f8a77693326,Канадский клен 600,02651,949f43ea-5c8a-40a9-ae23-301b36bddaca,,600.0,,Product,
